Image Number,Movement
65,neoclassicism
66,neoclassicism
67,neoclassicism
68,neoclassicism
69,neoclassicism
70,neoclassicism
71,neoclassicism
72,neoclassicism
73,neoclassicism
74,neoclassicism
75,neoclassicism
76,neoclassicism
77,neoclassicism
78,neoclassicism
79,neoclassicism
80,neoclassicism
81,neoclassicism
82,neoclassicism
83,neoclassicism
84,neoclassicism
85,neoclassicism
86,neoclassicism
87,neoclassicism
88,neoclassicism
89,neoclassicism
90,neoclassicism
91,neoclassicism
92,neoclassicism
93,neoclassicism
94,neoclassicism
95,neoclassicism
96,neoclassicism
97,neoclassicism
98,neoclassicism
99,neoclassicism
100,neoclassicism
0,Renaissance
1,Renaissance
2,Renaissance
3,Renaissance
4,Renaissance
5,Renaissance
6,Renaissance
7,Renaissance
8,Renaissance
9,Renaissance
10,Renaissance
11,Renaissance
12,Renaissance
13,Renaissance
14,Renaissance
15,Renaissance
16,Renaissance
17,Renaissance
18,Renaissance
19,Renaissance
20,Renaissance
21,Renaissance
22,Renaissance
23,Renaissance
24,Renaissance
25,Renaissance
26,Renaissance
27,Renaissance
28,Renaissance
29,Renaissance
30,Renaissance
31,Renaissance
32,Renaissance
33,Renaissance
34,Renaissance
35,Renaissance
36,Renaissance
37,Renaissance
38,Renaissance
39,Renaissance
40,Renaissance
41,Renaissance
42,Renaissance
43,Renaissance
44,Renaissance
45,Renaissance
46,Renaissance
47,Renaissance
48,Renaissance
49,Renaissance
50,Renaissance
51,Renaissance
52,Renaissance
53,Renaissance
54,Renaissance
55,Renaissance
56,Renaissance
57,Renaissance
58,Renaissance
59,Renaissance
60,Renaissance
61,Renaissance
62,Renaissance
63,Renaissance
64,Renaissance
